EAN,NAME,PRICE
3250390791942,Pâturages - Paturette - Crème dessert chocolat,"0,73"
3250390001829,Chabrior - Cookies pépites de chocolat & nougatine,"0,75"
3250390314271,Monique Ranou - Lardons fumés,"1,49"
3250391492909,Paquito - Compote de pomme allégée en sucres,"2,09"
3250390914884,Saint Eloi - Salade Iceberg,"1,05"
3250391468362,Monique Ranou - Taboulé à l'orientale raisins secs & menthe,"1,39"
3250390012054,Pâturages - Lait demi-écrémé,"6,00"
3250390012108,"Pâturages - Fromage blanc nature 3,2% MG","1,81"
3250390010586,Pâturages - Camembert,"1,49"
3250391343102,Monique Ranou - Jambon supérieur sans couenne,"1,76"
3250390866992,Volaé - Grignottes de poulet rôties,"2,40"
3250390859963,Odyssée - Bâtonnets de surimi,"2,99"
3250390017165,Monique Ranou - Pâte feuilletée,"0,79"
3250390148999,Chabrior - Brioche tranchée,"1,63"
3250390009092,Chabrior - Petit Beurre,"0,89"
3250390008354,Ivoria - Chocolat au lait du pays alpin,"1,72"
3250390517214,Planteur des Tropiques - Café moulu Ethiopie pur arabica,"2,86"
3250390207498,Bouton d'Or - Mélange graines grillées & salées,"2,12"
3250390001553,Paquito - Sirop fraise,"2,49"
3250390001287,Paquito - 100% pur jus orange sans pulpe,"1,30"
3250391501502,"Pommette - Couches Agility Dry, taille 4 : 7-18 kg","15,44"
3250392882334,Labell - Coton double face maxi ovales,"1,52"
3250390471622,Apta - Liquide vaisselle Protect Aloe Vera peaux sensibles,"0,68"
3250399915684,Petit prix - Citrons,"1,99"
3250390339304,Saint Eloi - Mélange gourmand,"1,09"
3250390339311,Saint Eloi - Cœurs de laitue,"1,19"
3250391818952,Saint Eloi - Duo mâche & roquette,"2,07"
3250392552480,Saint Eloi - Feuille de chêne verte prête à consommer,"0,99"
3250391435401,Paquito - Abricots moelleux,"2,25"
3250390016342,Jean Rozé - Steaks hachés pur bœuf 5%,"3,99"
3410280025537,Top Budget - Hachés plaisirs x8,"9,25"
3250390867012,Volaé - Grignottes de poulet mexicaine,"2,40"
3250392481766,Notre Sélection - Pavés de truite,"5,89"
3250391814237,Producteurs & Commerçants - Filets de limande du Nord meunière,"3,69"
3250391553310,Odyssée - Cabillaud pané,"3,29"
3250391714087,Petit prix - P'tit poisson au fromage,2
3250392053260,Odyssée - Délice surimi & crabe,"1,49"
3250390949329,Odyssée - Bâtonnets de surimi,"1,33"
3250391134373,Odyssée - Bâtonnets de surimi,"2,21"
3250390508281,Odyssée - Saumon fumé Norvège,"6,30"
3250392422226,Odyssée - Truite fumée,"3,78"
3250391402748,Odyssée Bio - Saumon Atlantique fumé BIO,"5,38"
3250390453505,Odyssée - Rillettes de thon,"1,83"
3250390453529,Odyssée - Rillettes de saumon,"1,97"
3250391713943,Odyssée - Filets d'anchois à l'huile de tournesol,"1,99"
3250390751687,Itinéraire des Saveurs - Saveur de Grèce - Tzatziki,"1,25"
3250390015123,Monique Ranou - Rillettes du Mans,"1,40"
3250390318026,Monique Ranou - Mousse de foie,"1,39"
3250390034698,Monique Ranou - Mini pâté en croûte nature,"2,59"
3250390318040,Monique Ranou - Pâté de campagne recette traditionnelle,"1,49"
3250391251889,Monique Ranou - Saucisson sec petites tranches,"1,46"
3250390457299,Monique Ranou - Rosette grandes tranches,"1,40"
3250390307167,Monique Ranou - Salami pur porc,"1,83"
3250391135189,Monique Ranou - Pavé au poivre finement relevé,"1,93"
3250390408994,Itinéraire de nos Régions - Saucisse sèche d'Auvergne Label Rouge,"5,76"
3250392334116,Itinéraire des Saveurs - Chorizo au piment d'Espagne doux,"1,75"
3250392334147,Itinéraire des Saveurs - Chorizo au piment d'Espagne fort,"1,75"
3250391835645,Itinéraire des Saveurs - Fuet Catalan qualité extra,"2,11"
3250390330189,Monique Ranou - Saucisse sèche pur porc,"2,99"
3250390016823,Monique Ranou - Cervelas,"2,39"
3250391342952,Monique Ranou - Saucisson cuit à l'ail fumé,"1,95"
3250390977049,Monique Ranou - Jambon supérieur réduit en sel conservation sans nitrite sans couenne,"1,80"
3250390457190,Monique Ranou - Jambon tranché Fin réduit en sel conservation sans nitrite sans couenne,"1,93"
3250391343010,Monique Ranou - Jambon supérieur avec couenne,"1,76"
3250390190936,Monique Ranou - Jambon le Paris sans couenne,"2,83"
3250391343133,Monique Ranou - Jambon supérieur conservation sans nitrite sans couenne,"3,27"
3250391343041,Monique Ranou - Jambon supérieur avec couenne,"2,66"
3250390773764,Monique Ranou - Rôti de porc 100% filet,"2,35"
3250390167778,Monique Ranou - Blanc de poulet doré au four,"1,98"
3250393069970,Monique Ranou - Jambon Serrano 12 mois d'affinage,"1,60"
3250390305163,Itinéraire des Saveurs - Saveur d'Italie - Coppa,"2,15"
3250391204915,Itinéraire des Saveurs - Saveur d'Italie - Jambon sec italien,"1,79"
3250391402861,Monique Ranou - Emincés de jambon réduit en sel,"1,27"
3250391352333,Monique Ranou - Dés de jambon,"1,79"
3250390314257,Monique Ranou - Lardons nature,"1,49"
3250391835621,Monique Ranou - Allumettes de bacon fumées,"1,74"
3250390171911,Monique Ranou - Allumettes fumées,"1,75"
3250390171935,Monique Ranou - Allumettes nature,"1,75"
3250391067992,Monique Ranou - Poitrine tranches fines fumée,"1,50"
3250391256419,Monique Ranou - Filet de bacon fumé au bois de hêtre,"1,84"
3250391967995,Monique Ranou - Filet de bacon fumé au bois de hêtre,"1,67"
3250390176794,Monique Ranou - Saucisses Knack pur porc,"1,50"
3250390773726,Monique Ranou - Saucisses de Francfort,"2,12"
3250390283249,Monique Ranou - Saucisses cocktails pur porc,"2,50"
3250390801320,Monique Ranou - Taboulé au poulet,"1,38"
3250390864455,Monique Ranou - Tortis au surimi sauce au yaourt,"1,67"
3250391468423,Monique Ranou - Carottes râpées,"0,99"
3250390630258,Monique Ranou - Betteraves rouges,"1,17"
3250391468850,Monique Ranou - Coleslaw sauce douce,"1,17"
3250390473534,Monique Ranou - Macédoine aux 5 légumes,"1,64"
3250390876212,Monique Ranou - Concombres sauce yaourt & ciboulette,"1,82"
3250391468911,Monique Ranou - Piémontaise jambon supérieur & tomates fraîches,"2,21"
3250391468515,Monique Ranou - Céleri rémoulade duo de moutardes,"1,65"
3250391587285,Itinéraire des Saveurs - Saveur du Liban - Houmous pois chiches,"1,53"
3250390303794,Monique Ranou - Pâte feuilletée pur beurre,"1,19"
3250391468881,Monique Ranou Bio - Pâte feuilletée BIO,"1,57"
3250390017158,Monique Ranou - Pâte brisée,"0,62"
3250390303770,Monique Ranou - Pâte brisée pur beurre,"1,26"
3250390256311,Monique Ranou - Pâte sablée,"1,05"
3250390492276,Monique Ranou - Pâte à pizza,"1,12"
3250391570706,Monique Ranou - Feuilles de Brick,"1,08"
3250392654054,Itinéraire des Saveurs - Nems poulet et sauce Nuoc mam,"1,75"
3250390637134,Itinéraire de nos Régions - Flammekueche,"2,02"
3250391215799,Itinéraire de nos Régions - Galettes de Bretagne farine de blé noir,"1,89"
3250391641765,Monique Ranou Bio - Galettes de blé noir BIO,"1,81"
3250391638673,Monique Ranou - Roulés au fromage,"1,58"
3250391639014,Monique Ranou - Croissants au jambon,"2,89"
3250392331344,Monique Ranou - Lasagnes à la bolognaise,"4,17"
3250392227685,Monique Ranou - Hachis parmentier,"2,09"
3250390553199,Fiorini - Pizza 4 fromages,"2,48"
3250391213825,Monique Ranou - Quiche Lorraine lardons fumés,"2,47"
3250392653897,Monique Ranou - Croque-monsieur jambon fromage,"1,60"
3250392654023,Itinéraire des Saveurs - Nems porc et sauce Nuoc mam,"1,73"
3250392209759,Volaé - Escalope cordon bleu,"1,73"
3250391386857,Chabrior - Demi-baguettes précuites,"0,70"
3250392232412,Chabrior - La Baguette incontournable,"1,38"
3250390747413,Pâturages - Mozzarella,"2,75"
3250391053322,Itinéraire des Saveurs - Italie - Mozzarella di Bufala Campana AOP,"1,59"
3250390678885,Pâturages - Mozzarella,"0,81"
3250391226078,Itinéraire des Saveurs - Feta grecque AOP,"2,39"
3250390743866,Pâturages - Tranche de fromage nature,"2,01"
3250390444268,Pâturages - Dés de fromage aux herbes,"2,09"
3250391799930,Pâturages - Les Tranchettes Croque Monsieur à l'emmental,"1,20"
3250390224747,Pâturages - Raclette nature,"3,57"
3250390775577,Pâturages - Fromage pour tartiflette fondant,"3,59"
3250390010258,Pâturages - Emmental français râpé,"1,63"
3250391901746,Pâturages - 3 fromages râpés,"1,91"
3250390743545,Pâturages - Emmental Français,"2,12"
3250391455201,Pâturages - Emmental français,"4,05"
3250390150589,Pâturages - Emmental français râpé,"4,07"
3250391503773,Pâturages - Mascarpone,"2,99"
3250390679653,Pâturages - Mascarpone,"1,69"
3250391334667,Pâturages - Ricotta,"1,38"
3250390244950,Itinéraire des Saveurs - Grana Padano AOP râpé,"1,39"
3250392334352,Itinéraire des Saveurs - Parmigiano Reggiano AOP râpé,"0,99"
3250390835851,Pâturages - Comté AOP affiné 6 mois minimum,"4,56"
3250390976936,Pâturages - Maasdam Les Tranchettes,"1,99"
3250390420347,Pâturages - Fromages P'tits Fondants,"2,38"
3250393026256,Pâturages - P'tits Crémeux,"1,79"
3250390420361,Pâturages - Fromages P'tits Fondants,"1,47"
3250391800025,Pâturages - Fromage à tartiner Naturais,"1,94"
3250390011620,Pâturages - Pointe de brie,"1,29"
3250390344674,Pâturages - Petit brie,"3,90"
3250390335245,Pâturages - Camembert L'Auguste,"1,75"
3250390011187,Itinéraire de nos Régions - Camembert de Normandie AOP,"2,76"
3250390010227,Pâturages - Coulommiers,"1,96"
3250390012351,Pâturages - Fromage Fleur d'Ange,"2,25"
3250390011231,Pâturages - Fromage Fleur d'Ange,"1,98"
3250390323341,Pâturages - La Brique,"1,75"
3250391289837,Pâturages - Fromage Le Petit chèvre frais,"1,90"
3250390757603,Pâturages - Fromage de chèvre Le Crottin,"1,79"
3250390749332,Pâturages - Fromage de chèvre La Pyramide,"1,43"
3250391819256,Pâturages - Le Sainte-Maure fromage de chèvre,"2,98"
3250390461777,Pâturages - Roquefort AOP au lait cru de brebis,"2,20"
3250391285488,Pâturages - Fromage Frère Augustin,"2,46"
3250390835868,Pâturages - Fromage Le bleu,"2,17"
3250391160785,Itinéraire de nos Régions - Morbier au lait cru AOP,"3,56"
3250391594146,Itinéraire de nos Régions - Tomme des Pyrénées IGP,"2,38"
3250390175933,Itinéraire de nos Régions - Bleu d'Auvergne AOP,"1,39"
3250390213994,Pâturages - Saint-Félicien,"1,85"
3250390892069,Volaé Bio - Œufs frais de poules élevées en plein air BIO,"3,32"
3250390168232,Volaé - Œufs frais de poules élevées en plein air,"2,87"
3250390181569,Volaé Bio - Œufs frais de poules élevées en plein air BIO,"2,07"
3250392264826,Volaé - Œufs frais de poules élevées en plein air Label Rouge,"1,79"
3250392427146,Volaé - Œufs frais de poules élevées au sol,"1,45"
3250390207467,Pâturages Bio - Lait demi-écrémé BIO,"6,54"
3250390010630,Pâturages - Beurre moulé doux,"4,53"
3250390263418,Pâturages - Beurre moulé doux,"2,47"
3250390010647,Pâturages - Beurre moulé demi-sel,"4,53"
3250390778776,Bouton d'Or - Matière grasse cuisine & pâtisserie,"1,45"
3250391243341,Bouton d'Or - Margarine Oméga 3 doux,"1,98"
3250391131310,Pâturages - Beurre tendre doux,"2,19"
3250390010180,Pâturages - Beurre gastronomique doux,"2,24"
3250390626633,Pâturages Bio - Beurre moulé doux BIO,"2,67"
3250392849412,Pâturages - Crème fraîche épaisse entière,"1,61"
3250391426287,Pâturages - Crème fleurette entière 30%,"1,71"
3250392471712,Pâturages - Tiramisu Mascarpone,"2,54"
3250390682486,Pâturages - Baba au rhum,"1,37"
3250390974697,Pâturages - Iles flottantes crème anglaise à la vanille Bourbon,"1,90"
3250390610991,Pâturages - Crème aux œufs saveur vanille,"3,03"
3250390615309,Pâturages - Crème aux œufs saveur vanille,"1,47"
3250390803409,Pâturages - Petit pot de crème au chocolat,"1,69"
3250390012801,Pâturages - Dessert lacté Liégeois chocolat,"2,79"
3250390011545,Pâturages - Dessert Liégeois chocolat,"0,94"
3250391969098,Pâturages - Frutimax - Yaourt brassé aux fruits,"2,10"
3250390012795,Pâturages - Yaourt Onctueux aux fruits mixés,"3,23"
3250390007234,Pâturages - Yaourt Onctueux nature,"1,60"
3250390007241,Pâturages - Yaourt Onctueux nature,3
3250390841944,Pâturages Bio - Yaourt nature au lait entier BIO,"0,81"
3250390405092,Pâturages - Yaourts nature au lait entier BIO,"2,40"
3250390011552,Pâturages - Dessert Liégeois café,"0,95"
3250390157397,Pâturages - Dessert lacté Liégeois saveur vanille sur lit de caramel,"0,96"
3250390682462,Pâturages - Semoule au lait vanille,"1,04"
3250391994045,Paquito - Dessert de fruits Panaché,"3,90"
3250390779100,Pâturages - Lait fermenté Bifidus nature,"2,23"
3250391374083,Paquito - Dessert de fruits pomme,"2,56"
3250392054687,Paquito - Spécialité de fruits panaché sans sucres ajoutés,"3,98"
3250392404468,Paquito - Assortiment de spécialités de fruits sans sucres ajoutés,"6,25"
3250390815853,Pâturages - Frutimax - Yaourts avec morceaux de fruits,"3,42"
3250390791270,Pâturages - Naturéa - Yaourt nature,"2,22"
3250391040681,Pâturages - Yaourt à la grecque nature,"1,34"
3250390010395,Pâturages - Naturéa - Yaourt nature,"1,78"
3250390007364,Pâturages - Naturéa - Yaourt au sucre de canne,"2,74"
3250390010098,Pâturages - Fromage blanc nature 0% MG,"1,96"
3250390011569,"Pâturages - Petits-Suisses nature 9,2% MG","1,67"
3250390340652,"Pâturages - Fromage frais nature 3,6% MG","1,52"
3250390007395,Pâturages - Fromage blanc nature,"2,25"
3250390007425,"Pâturages - Fromage blanc 3,2% MG","1,07"
3250390889632,Pâturages - P'tit Yab - Yaourt à boire saveur fraise,"1,41"
3250390010906,Pâturages - Yaourt aromatisé,"2,52"
3250390411161,Pâturages - Dessert Mouss'Fruits fraise-pêche-framboise,"1,67"
3250391945993,Pâturages - Yaourt au lait de chèvre nature,"1,68"
3250393048029,Pâturages - Fromage frais Skyr nature,"2,34"
3250390648048,Monique Ranou - Paniers feuilletés jambon emmental,"2,19"
3250391197255,Fiorini - Pizza cuite au feu de bois 4 fromages,"2,25"
3250390024842,Monique Ranou - Lasagnes à la bolognaise,"3,53"
3250392948788,Saint Eloi - Zéro Résidu de Pesticides - Carottes en rondelles,"1,05"
3250390136033,Saint Eloi - Poêlée champêtre,3
3250391282838,Regain Bio - Galettes riz complet BIO,"0,92"
3250390136903,Saint Eloi - Epinards hachés à la crème,"1,55"
3250391511952,Saint Eloi - Mini gratins pomme de terre,"3,06"
3250390022770,Saint Eloi - Pommes allumettes,"1,99"
3250390022817,Saint Eloi - Pommes noisettes,"1,89"
3250390020745,Jean Rozé - Steak haché pur bœuf 15% MG,"9,68"
3250390309109,Jean Rozé - Viande hachée pur bœuf à cuisiner 15% MG,"4,68"
3250391414956,Jean Rozé - Steak haché façon bouchère 15% MG,"6,74"
3250390021568,Odyssée - Bâtonnets panés de colin d'Alaska,"2,37"
3250391171866,Odyssée - Pavés de saumon Atlantique,"11,14"
3250390618935,Adélie - Glaces vanille nougatine,"2,14"
3250390600671,Adélie - Crème glacée vanille de Madagascar,"1,51"
3250390695240,Adélie - Colosse - Glace vanille amandes,"1,86"
3250391518319,Chabrior - Croissants pur beurre,"3,60"
3250390281535,Chabrior - Biscottes nature,"2,30"
3250390145615,Chabrior - Biscottes 6 céréales,"1,19"
3250390819455,Chabrior - Petits pains grillés blé complet,"1,82"
3250390213963,Chabrior - Petits pains grillés goût brioché,"1,44"
3250390114178,Ivoria - Pâte à tartiner aux noisettes,"3,15"
3250390105213,Paquito - Confiture extra abricots,"1,13"
3250390105220,Paquito - Confiture extra de fraises,"0,99"
3250390214694,Chabrior - Pain Grand Mie nature,"1,06"
3250391588749,Chabrior - Brioche tressée à la main aux œufs frais,"2,17"
3250391386888,Chabrior - Mini gâches pur beurre,"2,19"
3250390112624,Chabrior - Cookies chocolat & pépites de chocolat,"0,85"
3250391640829,Chabrior - Biscuit SabliChoc cœur fondant chocolat,"1,19"
3250391462063,Chabrior - Biscuits Goûter Crok fourrés ronds chocolat,"1,79"
3250391118762,Chabrior - Assortiment de biscuits aux 3 chocolats belges,"3,46"
3250392804800,Chabrior - Speculoos,"1,56"
3250391704026,Itinéraire de nos Régions - Galettes bretonnes spécialité de Pont-Aven,"1,76"
3250392366629,Chabrior - Biscuits palets bretons pur beurre,"1,59"
3250391077236,Chabrior - Cuillers pâtissiers,"2,16"
3250390857426,Chabrior - Cake aux fruits,"1,48"
3250390751632,Ivoria - Chocolat au lait noisettes entières,"1,54"
3250390751656,Ivoria - Chocolat noir noisettes entières,"1,37"
3250391422715,Les Créations - L'Intense chocolat noir 85%,"0,98"
3250391737284,Ivoria Bio - Chocolat noir Dégustation 74% cacao BIO,"1,05"
3250391460243,Chabrior - Gâteau au fromage blanc,"2,53"
3250391953493,Ivoria - Chocolat au lait Dessert,"1,32"
3250391953523,Ivoria - Chocolat blanc Dessert,"1,51"
3250392777081,Planteur des Tropiques - Dosettes de café compatibles Senseo moulu Classic,"3,61"
3250390101031,Planteur des Tropiques - Café moulu Régal force et tradition,"1,15"
3250390517191,Planteur des Tropiques - Café moulu Colombie,"2,93"
3250390102342,Planteur des Tropiques - Café grains qualité or,"12,55"
3250391200351,Cotterley - Thé vert menthe,"0,80"
3250390004356,Cotterley - Infusion camomille Matricaire,"0,95"
3250392711726,Cotterley - Infusion verveine,"0,93"
3250391306923,Cotterley - Infusion saveur fruits rouges,"0,94"
3250390115779,Cotterley - Infusion réglisse menthe,"0,92"
3250390148920,Chabrior - Levure chimique,"0,26"
3250390103349,Chabrior - Sucre vanillé,"0,80"
3250390100416,Chabrior - Amandes en poudre,"1,49"
3250390000266,Chabrior - Farine de blé spéciale cuisine et pâtisserie,"0,85"
3250391223466,Elodie - Bonbons Marshmallow vanille,"1,03"
3250392806958,Chabrior - Gaufres Liégeoises nappage chocolat belge,"2,57"
3250391704088,Chabrior - Madeleines coquilles,"2,25"
3250392806989,Chabrior - Gaufres Liégeoises aux perles de sucre,"1,72"
3250390139829,Chabrior - Quatre-quarts pur beurre,"4,14"
3250390011903,Chabrior - Madeleines,"1,65"
3250392135508,Chabrior - Brownie choco pépites,"1,66"
3250392051099,Paquito - Fruits du verger pêche poire pomme sans sucres ajoutés,"2,49"
3250391478248,Chabrior - Pain d'épices au miel,"1,55"
3250390107552,Paquito - Cocktail 4 fruits,"2,02"
3250391840786,Bouton d'Or - Crackers à l'emmental,"0,72"
3250392148447,Elodie - Assortiment de bonbons Mix Tix piquant,"3,31"
3250391840755,Bouton d'Or - Crackers goût pizza,"0,69"
3250390831488,Bouton d'Or - Biscuits apéritif Craquilles fromage,"0,61"
3250391534005,Bouton d'Or - Sticks & bretzels,"1,29"
3250390503170,Bouton d'Or - Gressins graines de sésame,"1,14"
3250390002123,Bouton d'Or - Cacahuètes grillées & salées,"1,35"
3250391910564,Bouton d'Or - Cacahuètes grillées sans sel ajouté,"0,81"
3250390002130,Bouton d'Or - Cacahuètes grillées & salées,"0,82"
3250390002246,Bouton d'Or - Cacahuètes grillées à sec,"0,85"
3250390207542,Bouton d'Or - Pistaches grillées & salées,"3,49"
3250390207511,Bouton d'Or - Noix de cajou grillées & salées,"2,56"
3250390207528,Bouton d'Or - Noix de cajou grillées & salées,"1,60"
3250391906673,Bouton d'Or - Noix de cajou grillées sans sel ajouté,"1,81"
3250390207566,Bouton d'Or - Mélange graines & raisins sans sel ajouté,"1,74"
3250390322931,Chabrior - Canapés nature,"1,26"
3250391520831,Bouton d'Or - Olives noires confites dénoyautées,"2,15"
3250391282456,Bouton d'Or - Olives vertes dénoyautées,"0,94"
3250390841210,Bouton d'Or - Tortilla goût nature,"0,64"
3250390000327,Fiorini - Coquillettes,"0,74"
3250390000372,Fiorini - Spaghetti,"0,79"
3250390107125,Fiorini - Sauce bolognaise,"1,47"
3250391426560,Saint Eloi - Chair de tomates,"1,62"
3250391162215,Itinéraire des Saveurs - Tortillas de blé,"1,69"
3250390003359,Cigalou - Poivre noir moulu,"2,15"
3250391989836,Bouton d'Or - Huile d'olive vierge extra,"6,88"
3250390000549,Bouton d'Or - Huile de tournesol,"2,77"
3250390000518,Bouton d'Or - Huile de colza,"2,03"
3250390663270,Bouton d'Or - Vinaigre balsamique de Modène,"1,28"
3250390006893,Bouton d'Or - Vinaigre de vin rouge,"0,99"
3250390002567,Condé - Vinaigre d'alcool cristal 8% acidité,"0,74"
3250390002642,Condé - Vinaigre d'alcool coloré 6% d'acidité,"0,49"
3250390100232,Bouton d'Or - Vinaigre de cidre,"1,11"
3250390887089,Bouton d'Or - Sauce crudités nature,"0,84"
3250390114673,Bouton d'Or - Cornichons extra-fins,"1,79"
3250390003441,Cigalou - Ail lyophilisé,"1,50"
3250390003526,Cigalou - Persil lyophilisé,"3,21"
3250390003519,Cigalou - Herbes de Provence,"2,07"
3250390003045,Cigalou - Muscade moulue,"1,55"
3250392402679,Saint Eloi - Croûtons saveur ail,"1,19"
3250392402648,Saint Eloi - Croûtons nature,"1,07"
3250390625391,Bouton d'Or - Mayonnaise,"1,35"
3250390006695,Bouton d'Or - Mayonnaise,"0,72"
3250390009313,Bouton d'Or - Mayonnaise,"1,59"
3250390000846,Saint Eloi - Haricots verts extra-fins,"1,15"
3250390000822,Saint Eloi - Petits pois et jeunes carottes extra-fins,"1,18"
3250390255574,Saint Eloi - Haricots rouges,"1,32"
3250390005902,Saint Eloi - Maïs doux,"0,77"
3250390000747,Saint Eloi - Petits pois extra-fins,"1,27"
3250390000938,Saint Eloi - Macédoine de légumes,"0,66"
3250390103738,Odyssée - Filets de maquereaux au vin blanc & aux aromates,"1,07"
3250390953401,Odyssée - Filets de maquereaux tomate & basilic,"1,16"
3250390953371,Odyssée - Filets de maquereaux à l'Escabèche,"1,16"
3250391118618,Odyssée - Sardines à l'huile de Tournesol,1
3250390844334,Canaillou - Croquettes au bœuf et légumes pour chien adulte,"11,76"
3250390843603,Canaillou - Assortiment de mijotés en sauce pour chat,"3,67"
3250392415235,Canaillou - Emincés en gelée aux poissons pour chat adulte,"3,59"
3250391024988,Canaillou - Stick's - Bâtonnets tendres volaille et agneau pour chats,"1,11"
3250390760856,"Canaillou - Double délice, bouchées pour chiens, poulet et foie","1,09"
3250392485177,Canaillou - Mijotés en sauce aux poissons pour chat adulte,"1,32"
3250390843597,Canaillou - Mijotés en sauce viandes & poissons pour chat adulte,"1,32"
3250390773535,Canaillou - Terrine à la truite et aux épinards pour chats,"0,52"
3250390148210,Look - Boisson Iced Tea saveur pêche,"1,47"
3250390146322,Ondine - Eau de source,"1,65"
3250391334605,Paquito - 100% pur jus orange avec pulpe,"1,55"
3250391138715,Paquito - 100% pur jus ananas,"1,99"
3250390880479,Paquito - 100% pur jus pomme,"0,99"
3250391138746,Paquito - 100% pur jus pamplemousse rose sans pulpe,"1,67"
3250391334636,Paquito - 100% pur jus raisin,"1,51"
3250390268529,Look - Boisson Tropical,"1,35"
3250390258957,Paquito - Nectar multifruits,"1,80"
3250390562160,Look - Boisson Fun avec du jus d'orange,"0,77"
3250390609483,Look - Soda Pulp orange,"0,99"
3250391853359,Look - Soda Zéro saveur agrumes,"0,74"
3250390006312,Look - Limonade,"0,70"
3250391459131,Look - Soda au cola,"0,99"
3250390578895,Look - Soda Cola,"1,90"
3250391997374,Look - Soda au cola Zéro,"0,71"
3250390001522,Paquito - Sirop grenadine,"1,82"
3250390001560,Paquito - Sirop cassis,"2,56"
3250390001508,Paquito - Sirop menthe,"1,84"
3250390001492,Paquito - Sirop citron,"1,82"
3250391138654,Paquito - 100% pur jus clémentine sans pulpe,"1,97"
3250392008956,Paquito - 100% pur jus orange avec pulpe sans sucres ajoutés,"1,55"
3250390031048,Paquito - Jus d'orange,"1,37"
3250390031062,Paquito - Jus de pomme,"1,10"
3250390393443,Paquito - Jus multifruits,"2,24"
3250391098149,Expert Club - Crémant d'Alsace brut Cuvée St Sébastien,"5,95"
3410280037394,Duc de Charmeuil - Vin mousseux demi-sec,"1,53"
3250392243517,Regain Bio - Boisson à l'avoine sans sucres ajoutés BIO,"1,60"
3250391887439,Regain Bio - Boisson riz nature,"1,60"
3250391318353,Regain Bio - Boisson au soja nature BIO,"0,88"
3410280037356,Duc de Charmeuil - Vin mousseux brut,"1,52"
3250392549077,Expert Club - Prosecco brut,"4,99"
3250390801283,"FDL - Vin de pays de l'Hérault, vin rosé","12,15"
3250390051732,Kingsbräu - Bière blonde,"3,20"
3250390004158,Kingsbräu - Bière blonde,"3,76"
3250391999842,Kingsbräu - Bière blonde forte,"0,95"
3250390188346,Kingsbräu - Bière blonde,"0,65"
3250390050988,Expert Club - Cidre de Bretagne brut,"1,89"
3250390426134,Highland Cross - Blended Scotch Whisky,"10,69"
3250390871873,On Off - Rhum blanc traditionnel,"9,44"
3250391193233,On Off - Vodka,"13,83"
3250390030010,Clairpastis - Pastis de Marseille,"15,90"
3250390030683,Valadao - Porto Tawny,"6,14"
3250391813032,"Pommette - Couches Premium New Born, taille 1 : 2-5 kg","3,09"
3250391590988,"Pommette - Couches Premium New Born, taille 2 : 3-6 kg","5,60"
3250392543457,"Pommette - Couches Agility Dry, taille : 4+ : 9-20 kg","16,24"
3250391818440,"Pommette - Couches Agility Dry, taille 5 : 11-25 kg","16,18"
3250391205318,Pommette - Maxi carrés de coton,"1,65"
3250390400431,"Pommette - Lingettes fraîcheur Agility, 0+ mois","1,78"
3250392602840,Labell - Shampooing familial 2 en 1 très doux à l'amande douce,"0,88"
3250392146924,Labell - Crème lavante mains lait dermoprotectrice,"0,94"
3250391029549,Labell - Crème lavante mains amande douce,"1,45"
3250391029518,"Labell - Sensitive, gel lavant mains, lys & aloe vera, la pompe","0,78"
3250391335992,Labell - Gel lavant mains savon de Marseille & feuilles d'olivier,"0,59"
3250391336029,Labell - Gel lavant mains fleur d'oranger,"0,64"
3250390705598,Labell - Déodorant anti-traces vanille des îles 24 h,"1,29"
3250390816706,Labell - Lingettes démaquillantes douceur,"1,63"
3250392158088,Labell Bio - Soin de jour hydratant peaux sensibles BIO,"1,99"
3250392882310,Labell - Disques à démaquiller duo,"1,15"
3250392594862,Pommette - Maxi Carré Sensitive visage & corps,"1,35"
3250391436668,Labell - Dentifrice soin complet triple action,"0,72"
3250390645849,Labell - Bain de bouche protection complète,"1,80"
3250391345892,Labell - Culottes large pour adultes T46-60,"6,99"
3250391666362,Labell - Protection fuites urinaires Maxi Actéa,"5,19"
3250390376088,Labell - Serviettes hygiéniques Ultra Mince Nuit avec ailettes,"1,20"
3250391342709,Labell - Protège-slip long & large micro-aéré,"0,84"
3250392598624,Labell - Optivie - Culottes nuit Medium,"8,81"
3250392189990,Labell - Serviettes protection Actéa Maxi Nuit,"4,02"
3250390687313,"Labell - Actéa - Protections contre fuites urinaires légères, Super","1,91"
3250390370956,Labell - Papier toilette Le Classique,"2,79"
3250392056285,Apta - Essuie-tout Classic,"3,49"
3250392831547,Apta - Essuie-tout Classic Compact,"4,11"
3250392924836,Apta - Recharge lessive Savon de Marseille,"3,43"
3250392065614,Apta - Adoucissant concentré de fraîcheur,"3,73"
3250390140580,Apta - Sac poubelle Couliss' 30 l,"2,08"
3250390432296,Apta - WC - Gel WC Javel pin eucalyptus,"0,90"
3250390451259,Apta - Bloc WC eau bleu,"1,09"
3250392537548,Apta - Antan - Bicarbonate de soude,"1,74"
3250393049941,Apta - Antan - Vinaigre ménager,"4,90"
3250392701017,Apta - Liquide vaisselle Evasion exotique,"0,80"
3250390649793,Apta - Eponges résistantes cuisine,"0,89"
3250391806539,Apta - Liquide de rinçage Performance,"1,55"
3250390822769,Apta - Liquide vaisselle dégraissant Original vinaigre et citron,"1,22"
3250390510284,Apta - Liquide vaisselle super dégraissant Action anti-bactérien,"0,90"
3250390004301,Apta - Eau de javel,"0,85"
3250391866151,Apta - Nettoyant ménager désinfectant sans javel,"2,05"
3250390425953,Apta - Liquide vaisselle Protect amande douce,"1,35"
3250390008460,Domédia - Film étirable,"1,17"
3250390232162,Domédia - Papier aluminium,"2,69"
3250390751700,Domédia - Allume-feux blanc,"2,24"
3250392540753,Regain Bio - Spécialité soja cuisine BIO,"1,61"
3250392927462,Native - Eau minérale naturelle du Centre-Val de Loire,"1,98"
3250391114306,Saint Eloi - Roquette prête à consommer,"1,49"
3250390523970,Saint Eloi - Mâche prête à consommer,"1,17"
3250391250912,Saint Eloi - Jeunes pousses,"1,53"
3250391530373,Saint Eloi - Pommes de terre entières,"2,66"
3250391311897,Jean Rozé - Côtes de porc 1ères,"4,45"
3250392948740,Saint Eloi - Zéro Résidu de Pesticides - Petits pois,"1,71"
3250390102625,Les Créations - L'envoutant chocolat noir 70%,"0,79"
3250392926106,Planteur des Tropiques - Cappuccino,"2,00"
3250392793197,Planteur des Tropiques - Capsules de café compatibles Dolce Gusto moulu Lungo,"2,95"
3250390107118,Fiorini - Sauce Napolitaine aux légumes cuisinés,"1,02"
3250390115656,Bouton d'Or - Ketchup,"1,17"
3250390001065,Fiorini - Ravioli pur bœuf,"2,10"
3250390401124,Canaillou - Litière pour chat agglomérante parfumée,"3,80"
3250390007586,Look - Boisson orange,"1,26"
3250391571611,Look - Boisson saveur pomme cassis framboise,"1,28"
3250390108016,Labell - Mouchoirs étuis 4 plis,"1,81"