EAN,NAME
3256227585784,COUCHES NOUVEAU NE TAILLE 1 U TOUT PETITS
3256221135077,SERUM PHYSIOLOGIQUE U TOUT PETITS
3256228889461,SPRAY COIFFANT FIXATION FORTE BY U
3256220558846,CREME FIXATIVE BY U
3256228974662,SHAMPOOING ŒUF &amp; VANILLE TOUT CHEVEUX U
3256228914439,DEODORANT HOMME EFFICACITE SPORT 48H U
3256220856980,PAPIER TOILETTE DOUX BLANC 2 PLIS U
3256223377413,SOJA CUISINE U BIO
3256227732805,FARINE DE BLE T65 U BIO 
3256228103666,THE NOIR EARL GREY U BIO 
3256223377437,BOISSON SOJA NATURE U BIO
3256220871174,PETITS POIS ET CAROTTES U BIO
3256220280099,COQUILLETTES U BIO
3256228673022,LASAGNES AUX OEUFS U BIO
3256220280105,SPAGHETTI U BIO
3256225736430,CORNICHONS FINS U 
3256225164387,MAYONNAISE ALLEGEE U 
3256221712254,HUILE DE COLZA U  
3256221510324,SAUCE CRUDITES NATURE U
3256227740947,BARRES CHOCOLAT FOUREES LAIT U 
3256220610667,CHOCOLAT LAIT NOISETTES ENTIERES U  
3256228115898,CHOCOLAT PATISSIER NOIR 52% U 
3256225430604,CHOCOLAT AU LAIT ALPIN U 
3256220610407,CHOCOLAT NOIR U 
3256220270571,LEVURE CHIMIQUE U
3256221980837,OREILLONS  DE PECHES AU SIROP LEGER U 
3256225717491,PETIT GOU'T U 
3256220210423,GENOISES NAPPEES CHOCOLAT NOIR FOURREES FRAMBOISE U 
3256220210560,SABLES NAPPES AU CHOCOLAT AU LAIT U 
3256225041282,MINI TARTELETTES AU CHOCOLAT AU LAIT CŒUR FONDANT AU LAIT U
3256228411020,BARQUETTES CHOCOLAT NOISETTE U 
3256221220407,SNACKS GOUT BACON U
3256221498462,TUILES GOUT SALE U 
3256221498240,TUILES GOUT CREME OIGNON U
3256224757511,CACAHUETES GRILLEES SALEES U 
3256220321372,CHICOREE CAFE SOLUBLE U 
3256220310857,CAFE MOULU TRADITION U
3256220871334,CEREALES CHOCOLATEES FOURREES AU LAIT U
3256225428434,"PETALES DE RIZ, BLE COMPLET ET ORGE FRUITS ROUGES U "
3256220020527,BISCOTTES 6 CEREALES U 
3256220851114,CONFITURE DE FRAISE ALLEGEE U
3256222010021,CONFITURE CERISE U
3256225434947,MIEL DE FLEURS U
3256220360012,INFUSION FRUITS ROUGES U
3256220061117,COUSCOUS MOYENS U
3256222114002,FLAGEOLETS VERTS EXTRA-FINS U
3256225042098,HARICOTS BLANCS A LA TOMATE U 
3256225042050,LENTILLES PREPAREES U
3256220665759,COEURS DE CELERIS U
3256220368025,COEURS DE PALMIERS ENTIERS U 
3256222113814,MACEDOINE DE LEGUMES U
3256222114170,MAIS DOUX U
3256222115023,SALSIFIS U 
3256220471930,PETITS POIS EXTRA-FINS U 
3256222114415,PETITS POIS EXTRA-FINS U 
3256220298896,FARFALLE QUALITEE SUPERIEURE U 
3256222113302,PETITS POIS EXTRA-FINS CAROTTES U 
3256221111606,VERMICELLE QUALITE SUPERIEUR U  
3256221462531,PUREE NATURE U 
3256224061687,SAUCE BOLOGNAISE U 
3256220113984,LAIT CONCENTRE SUCRE ENTIER U 
3256220115667,TETE ROULEE U
3256220269377,OEUFS CALIBRE MIXTE U BIO 
3256220358576,PAINS AU LAIT U 
3256220513395,BRIOCHE TRESSEE U  
3256220514552,VELOUTE DE POIREAUX ET POMMES DE TERRE A LA CREME U 
3256220666596,BLANC DE DINDE U
3256220851145,PAIN DE MIE PUR MIE NATURE U 
3256220932103,LAIT ECREME POUDRE U 
3256221106404,EAU MINERALE NATURELLE GAZEUSE U  
3256221106831,YAOURT NATURE U BIO
3256221116045,CREME GLACEE VANILLE DE MADAGASCAR U BIO
3256221142990,PETITS POTS DE CREME CHOCOLAT U 
3256221143010,PETITS POTS DE CREME CAFE U
3256221310542,VELOUTE DE POTIRON U 
3256221310641,MOULINEE DE LEGUMES VARIES U 
3256221408485,TRANCHES DE FILETS DE COLIN D'ALASKA MSC SURGELES U 
3256221418576,LASAGNE BOLOGNAISE U
3256221663983,RIZ AU LAIT A LA VANILLE U 
3256221663990,SEMOULE AU LAIT A LA VANILLE U 
3256221977684,BURGERS LE SAVOUREUX A L'OIGNON SURGELES U 
3256222622286,LAIT FRAIS PASTEURISE DEMI-ECREME U 
3256222626895,FINANCIERS AUX AMANDES PUR BEURRE U 
3256222646886,BEURRE BIOLOGIQUE DOUX 82% MG U BIO 
3256222646954,PAINS HAMBURGER U 
3256222647944,QUICHE LORRAINE U 
3256223028308,JUS ABC ORANGE U 
3256223028391,JUS ABC POMME U  
3256223028520,PUR JUS PAMPLEMOUSSE ROSE U 
3256223150122,"CIDRE BRUT U 4,5° "
3256223377437,BOISSON SOJA NATURE U BIO 
3256223510032,EAU DE SOURCE DE MONTAGNE D'AUVERGNE U  
3256223669037,SODA ORANGE U 
3256224080435,FROMAGE BLANC NATURE 3% MG U 
3256224109723,BOISSON THE GLACE SAVEUR MURE FRAMBOISE U 
3256224109723,BOISSON THE GLACE SAVEUR MURE FRAMBOISE U 
3256224110545,CREME GLACEE VANILLE U
3256224118381,MIETTES DE THON TOMATE PECHEE CANNE U 
3256224160670,HACHIS PARMENTIER SURGELE U 
3256224170150,STEAKS HACHES 15% MG SURGELES U 
3256224170167,HACHE LE SAVOUREUX SURGELE U  
3256224191391,PATE A TARTE BRISEE U 
3256224192169,TAGLIATELLES AUX ŒUFS FRAIS U 
3256224200109,PUR JUS PAMPLEMOUSSE ROSE REFRIGERE U 
3256224231554,CREME UHT ENTIERE LIQUIDE 30% U
3256224234630,MARGARINE ALLEGEE TOURNESOL 60% MG U
3256224235781,YAOURT A LA GRECQUE NATURE U 
3256224242550,YAOURT AU LAIT ENTIER NATURE U
3256224242628,YAOURT AUX MORCEAUX DE FRUITS U 
3256224242871,DESSERT POMMES ALLEGEES EN SUCRE U  
3256224252061,BEURRE DEMI-SEL DE BARATTE 80% MG U BIO 
3256224310150,"FROMAGE PASTEURISE COULOMMIERS U  
24% MG dans le produit fini  "
3256224332398,"POINTE DE BRIE PASTEURISE U 
31%MG dans le produit fini "
3256224406426,LAIT UHT CHOCOLAT U 
3256224531258,BATONNETS DE COLIN D'ALASKA MSC SURGELES U 
3256224657101,RILLETTES DU MANS U 
3256224701132,PRINTANIERE DE LEGUMES SURGELEE U 
3256224749608,BAGUETTES VIENNOISES U 
3256224801429,BAGUETTES PRECUITES LONGUE CONSERVATION U 
3256225051069,YAOURT AROMATISE PANACHES U MAT&amp;LOU 
3256225150007,DEBOUCHEUR GEL U 
3256225152100,GEL WC MARINE U 
3256225230822,"FROMAGE PASTEURISE TRIANGLES FONDANTS U MAT &amp; LOU 
5% MG dans le produit fini "
3256225734016,GNOCCHI A POELER U 
3256225736126,SAUCISSES AUX LENTILLES U 
3256226385088,SIROP DE GRENADINE U 
3256226385682,PUR JUS ORANGE SANS PULPE U
3256226531607,SAVON DE MARSEILLE A LA GLYCERINE U 
3256226758851,NETTOYANT FOUR A LA SOUDE U 
3256226761905,REPAS LEGUMES/VOLAILLE BASQUAISE DES 15 MOIS 
3256226762216,REPAS HARICOTS VERTS/POULET DES 6 MOIS U TOUT PETITS BIO 
3256226862350,YAOURT A BOIRE FRAISE U MAT&amp;LOU 
3256227093104,COLA REGULAR U 
3256227461927,POIREAUX RONDELLES SURGELES U 
3256227763373,MOUSSE AU CHOCOLAT NOIR U BIO 
3256227892448,LIQUIDE VAISSELLE PEAUX SENSIBLES U 
3256228102751,SORBET FRUIT POIRE U 
3256228119667,LESSIVE OLIVE &amp; FLEURS DE CAMPAGNE U 
3256228410955,LITIERE EN SILICE U 
3256228415356,MADELEINES LONGUES 
3256228421715,CROQUETTE MOELLEUSE 
3256228438355,PAELLA SURGELEE U
3256229622067,PAINS AU CHOCOLAT U
3368954300964,"FROMAGE PASTEURISE STE MAURE AOP U SAVEURS
22% MG dans le produit fini "
3368954301114,"CAMEMBERT PASTEURISE AOP U SAVEURS 
22% MG dans le produit fini "
3368954957564,"BIERE BLONDE D'ABBAYE DES FLANDRES U SAVEURS 6,5°"
3368958510109,CREME BRULEE NATURE U SAVEURS 
3368959894246,"FROMAGE PASTEURISE REBLOCHON DE SAVOIE AOP U SAVEURS 
28% MG dans le produit fini "
3256224701101,PETITS POIS EXTRA-FIN SURGELES U 
3256228552259,CACAO EN POUDRE 100% U
3256220394079,MUESLI CROUSTILLANT 4 NOIX U
3256220659116,LENTILLES VERTES U
3256221976632,PURÉE DE POMME SANS SUCRES AJOUTÉS
3256226757106,HARICOTS VERTS EXTRA FIN U BIO
3256228434005,NECTAR ORANGE PÊCHE ABRICOT U BIO
3256225038947,MAASDAM JEUNE 27% DE MATIÈRE GRASSE U
3368952942012,JAMBON CUIT SUPÉRIEUR SANS COUENNE LABEL ROUGE U SAVEURS 4 TRANCHES